Username,B1PAVCSC6TN9QPEOOCEAM8371Y4MPI329HT88727Q94315G2
13617095,B1VOA1M3SCSV01QPOCEAG237YY51PI32Q9R4QUT829H1B4KL
13615264,VGBDA1880E01M3PQA0GRM872YYSQPI3287QU27HTIQKL156P
13607931,VGHYA1RMUB88SV6TPQOZG272YYSQIT3GT887BA273R431ZB4
13616416,3DL7VOA0UB6T0E40SVEAM8CCYY8UIT3G9HU73R872GWK436P
13567776,IJANCVZXPQSVSC01OCOZG2371Y8UIT32R4T827BA2ZKL6PB4
13607779,IJL7CVN9PQ6TUBSVEOTTM872YY8UPI32IQ2GBA29ABB415H1
13611848,3DL7VCZXOC6TEOUB40OZM8CCYYSQPI32T8IQHT8GQU15431Z
13573210,VGHYPAEOZXOCSCN90EOZM8371YSQIT3GZZ8G2GBA2915H143
13621805,IJBDANA0RMN9EOZXPQEAG2CC1Y4MIT32T88GR4BAAB1ZH1KL
13567174,VGL7ANQPEOOC0E6TUBGRM8CCYY51IT322ZR43RHHIQ6PKL43
13550543,VGHYVOSCRMUBQPOCPQOZG2CC1Y4MPI32IQBA273R87G2H143
13652164,IJANVCZXSVRM0EA0M3OZM8CC1Y8UPI328GT8ABR4HHWK43H1
13588780,B1L7VC0ERM40ZXQPSVGRG237YY51PI322G87AB2Z9H4315WK
13604343,B1VOVC6TUBPQ88M30EGRG2371Y51PI3GR43RQ92ZBAG26P1Z
13602596,VGVCA7A040SCEOPQN9TTM872YY51IT3G3RZZT89HDD43H11Z
13568944,3DA7VO4088RMUBA0EOEAG2371Y4MIT3GU727QUBAZZ43KLH1
13613459,IJL7CVN988RMQPSVUBTTM872YY51PI32IQ29BAQ9HH1543H1
13565246,3DBDL70140SVQP0ESCOZG272YY51IT3287298GQU27WK43B4
13603489,B1HYA1ZXPQ0ESVQPOCOZG272YY51IT32DDT89HHTQ9KLWKB4
13596026,3DPAAN886TOCN901EOTTM837YY51IT323R2Z2GT8BAH1151Z
13581352,IJVCA70EM3SCPQ0188GRM8721Y8UPI32HHIQ3RQ927B4KL15
13585969,VGL7A1M340EON96T0EEAM8371Y51IT3GR4ABQ9T82943B4WK
13603971,VGHYVOM3N90EZXUB6TEAG2CCYY4MPI32ABT8ZZ87IQ43H1B4
13599290,IJPACV88SC6T0EN9SVEAM872YYSQPI3227872ZDDHT6PB4G2
13552934,B1CVVC0ESV6TSC40UBEAG2721Y51IT323R87292ZZZWK6P1Z
13618373,3DA1A7SV010E88PQSCTTM8371Y51PI3GR4U7T8292GH1KL15
13588476,VGL7A1ZX01A0OC6TN9GRG2CC1Y51IT32QU27HH3R8GH1KLG2
13600969,B1PAA16TSCM388OC40GRM837YY51IT328GQ93R2G29B4G2KL
13622170,IJCVL70E01QPOCEOPQOZM8CCYYSQIT32U72ZT8AB27WK43G2
13631202,B1A1PA8801SCEOZX6TTTM8CC1YSQPI32R4HHAB27ZZ436PB4
13590565,IJA7L7M388PQEOQPN9GRG272YY8UPI3GIQ3R27ZZ87H11ZWK
13575685,VGCVVCN9SVPQUB6T88EAG2CCYYSQPI32ABT8HT9H8GH16PB4
13569455,3DBDA7QP88UBA040SVTTG272YYSQPI3G2GZZ2ZBA9HG2436P
13631370,VGL7A1N940A0PQ6TSCEAM8371Y4MPI32879HZZ2GR4H16PG2
13572026,3DVOCVUBM3PQSVN901EAM872YYSQPI322ZZZHHQUIQ6PKLB4
13653633,IJHYL70188N9EO6T40TTM8CCYY4MIT32HTABBADD2G43KL6P
13582795,3DA7VOA0QP6TSVSCPQEAM872YY8UPI32IQZZ2G2Z9H15WKKL
13603667,B1BDA1N9PQSCM3QPRMTTM8CCYY8UIT328GIQ2Z879HB41ZG2
13596000,IJBDVCZXEON9M3QPOCEAG2721Y4MPI32T8BAHTDDR4G21Z15
13588573,IJANVOA00E8801M3UBTTM837YYSQIT3GBA29AB2G8GKLG26P
13594473,B1BDCV0ESVA0PQRMZXTTG2371YSQPI32T8DD2GQ9IQ43G21Z
13602444,VGBDVCQPRMUBEOPQ40EAM872YY8UIT3GHT87AB3RHH43KLG2
13612744,3DHYA7ZXQPA0SV01EOEAM8371Y51PI3G27ZZABQ9QUG2H1B4
13569950,B1VOCV6TM30ESVRM40OZM8CC1Y51IT3GDDZZ278GIQ1ZB4H1
13558068,B1A7VO6TA040EOOCUBGRM837YYSQIT3G292ZHTQUIQWKKLG2
13591665,IJVOVCQPN988EOSVA0OZG2371Y4MIT3G2Z3R9HIQ27WK1Z43
13588052,VGPAL7SVPQ88EOSC0EOZM837YY4MPI3G87QUR42G8G43WK1Z
13572440,IJCVHYN90140EO6T88EAG2CC1Y4MPI3G3R8GT829IQKL6PB4
13639921,VGPABD40ZXM388N9SCOZM872YYSQPI32AB87298GHHKL43B4
13602745,3DBDPAN940QP0ERMUBTTG2371YSQPI3GABQUIQ3RHHG21ZKL
13623021,3DA1A7ZXSVQPOC886TEAM8CC1YSQPI32AB2787BAZZWK6PB4
13557052,VGL7HYUBQP016TSV88TTM8CC1YSQPI3G29DDU7QUQ9B4151Z
13593836,3DVCCVSC01SV88RMPQEAG2CCYY4MPI3GHHQ9AB29T843B4G2
13619253,B1A1L7PQRMZX40UBQPEAM872YY51PI3GIQQ9R487U7B4156P
13621193,VGANVOSVN9OC6TRMZXTTG2CC1YSQIT328GHTQU87U7431ZB4
13619884,VGL7AN406TN9SVM3SCGRG2721Y8UPI32ZZ9H29Q92G43KLH1
13567679,IJVOL7ZXOCN96T880ETTM8CC1YSQPI3GHTR48G2GZZG2KLWK
13587716,IJANBDSCA088M3SVRMGRM837YY51IT3G9HBAIQQU2ZKLH1G2
13579577,3DANBDZXEO0EOCPQN9TTM8CCYY8UIT3GR429QUHH8G6PH1G2
13560296,VGL7A1016TM3ZXA0OCEAM8CC1Y8UIT329HABT8HH271ZKLG2
13609157,VGCVA1SV6TEOUBM30EOZG2371Y51IT3GIQ9H2GBA8G436PG2
13577199,VGHYVCEO40A06TPQSVGRG237YY8UIT3GBAHT2ZU72GWKKL15
13558026,VGCVVOSV0EOCZX886TGRG2721Y8UIT32IQBAZZQ9U7G2KL1Z
13604453,IJPAA1OCRMEOSVQPZXOZM8371Y8UPI3GDD2Z9H87QUKLG243
13601276,B1HYA7OCQP6TEOPQRMEAM837YYSQIT3G2ZZZQU2GDD431ZB4
13534725,3DPAHYZXPQM3SCOCN9TTM8CCYYSQPI322787ABZZT8KL6P43
